,paths,target,contrast,energy,homogeneity,correlation,dissimilarity
0,C:/Users/Akshat Mittu/Desktop/Model Monitoring Dashboard/pages/models/Bone Fracture Detection/Production/2024-03-01/fractured/10-rotated2-rotated1-rotated1.jpg,fractured,61.75436373873874,0.18345729905702318,0.5703872487734063,0.9824280844834024,3.0546774453024454
1,C:/Users/Akshat Mittu/Desktop/Model Monitoring Dashboard/pages/models/Bone Fracture Detection/Production/2024-03-01/fractured/10-rotated3-rotated1.jpg,fractured,90.35131113256114,0.17982843863789394,0.5693814740099751,0.9737871572961444,3.3617680180180183
2,C:/Users/Akshat Mittu/Desktop/Model Monitoring Dashboard/pages/models/Bone Fracture Detection/Production/2024-03-01/fractured/100-rotated1-rotated3.jpg,fractured,302.3181105212355,0.13569923078250384,0.4990582627464932,0.9534332387573937,5.731599903474902
3,C:/Users/Akshat Mittu/Desktop/Model Monitoring Dashboard/pages/models/Bone Fracture Detection/Production/2024-03-01/fractured/100-rotated2-rotated1.jpg,fractured,234.3582086550836,0.10594818071234768,0.5147418518324123,0.9623777233893891,4.386522683397682
4,C:/Users/Akshat Mittu/Desktop/Model Monitoring Dashboard/pages/models/Bone Fracture Detection/Production/2024-03-01/fractured/100-rotated2.jpg,fractured,243.98168034105535,0.11610015197817265,0.5528291882054538,0.9625151072563798,4.0816240347490345
5,C:/Users/Akshat Mittu/Desktop/Model Monitoring Dashboard/pages/models/Bone Fracture Detection/Production/2024-03-01/fractured/100-rotated3-rotated1-rotated2.jpg,fractured,295.98958333333337,0.144836299254153,0.48241450914946515,0.9542630247327216,6.185207528957529
6,C:/Users/Akshat Mittu/Desktop/Model Monitoring Dashboard/pages/models/Bone Fracture Detection/Production/2024-03-01/fractured/100-rotated3-rotated1.jpg,fractured,285.1861526705277,0.1176450384729807,0.48971683353435513,0.9549959815321046,5.598314832689833
7,C:/Users/Akshat Mittu/Desktop/Model Monitoring Dashboard/pages/models/Bone Fracture Detection/Production/2024-03-01/fractured/100-rotated3-rotated2-rotated1.jpg,fractured,300.44475949163444,0.14667503514058408,0.4757787838709986,0.9537692481231193,6.180843790218788
8,C:/Users/Akshat Mittu/Desktop/Model Monitoring Dashboard/pages/models/Bone Fracture Detection/Production/2024-03-01/fractured/101-rotated2-rotated1.jpg,fractured,187.18269385456884,0.08744184140288995,0.46743778539940856,0.9713048825161427,4.834921975546976
9,C:/Users/Akshat Mittu/Desktop/Model Monitoring Dashboard/pages/models/Bone Fracture Detection/Production/2024-03-01/fractured/101-rotated2-rotated2-rotated3.jpg,fractured,176.16133767696266,0.07051203045911564,0.4672942450736332,0.9718819970116385,4.659889800514801
10,C:/Users/Akshat Mittu/Desktop/Model Monitoring Dashboard/pages/models/Bone Fracture Detection/Production/2024-03-01/fractured/101-rotated2-rotated2.jpg,fractured,141.16942165379666,0.09820313618408473,0.4844794652729306,0.9785920434892819,4.3880107786357785
11,C:/Users/Akshat Mittu/Desktop/Model Monitoring Dashboard/pages/models/Bone Fracture Detection/Production/2024-03-01/fractured/101-rotated3-rotated1.jpg,fractured,167.11269305019303,0.12987485122292758,0.47019604752704386,0.9760649641875354,5.128780566280566
12,C:/Users/Akshat Mittu/Desktop/Model Monitoring Dashboard/pages/models/Bone Fracture Detection/Production/2024-03-01/fractured/101-rotated3-rotated2-rotated2.jpg,fractured,175.0195865508365,0.10839146868375323,0.45254009744049,0.9744964463131472,5.377574002574002
13,C:/Users/Akshat Mittu/Desktop/Model Monitoring Dashboard/pages/models/Bone Fracture Detection/Production/2024-03-01/fractured/101-rotated3-rotated3-rotated2.jpg,fractured,171.8489382239382,0.09628408198028374,0.44901131955887624,0.9745480170564991,5.283582689832688
14,C:/Users/Akshat Mittu/Desktop/Model Monitoring Dashboard/pages/models/Bone Fracture Detection/Production/2024-03-01/fractured/102-rotated1-rotated1-rotated1.jpg,fractured,111.67314189189186,0.14531403306856822,0.547520146827664,0.9687212769200821,4.507480694980694
15,C:/Users/Akshat Mittu/Desktop/Model Monitoring Dashboard/pages/models/Bone Fracture Detection/Production/2024-03-01/fractured/102-rotated1-rotated1-rotated2.jpg,fractured,78.78844916344916,0.1514946709305781,0.5761379488971713,0.978052855997216,3.632882882882883
16,C:/Users/Akshat Mittu/Desktop/Model Monitoring Dashboard/pages/models/Bone Fracture Detection/Production/2024-03-01/fractured/102-rotated1-rotated2-rotated1.jpg,fractured,107.13559765122267,0.13274029230110948,0.5369302696485588,0.9692164690725373,4.4026101994852
17,C:/Users/Akshat Mittu/Desktop/Model Monitoring Dashboard/pages/models/Bone Fracture Detection/Production/2024-03-01/fractured/102-rotated1-rotated3-rotated1.jpg,fractured,72.5472972972973,0.19717854153957212,0.6564121935266634,0.9800502041936664,2.8500241312741315
18,C:/Users/Akshat Mittu/Desktop/Model Monitoring Dashboard/pages/models/Bone Fracture Detection/Production/2024-03-01/fractured/102-rotated2-rotated1-rotated3.jpg,fractured,76.56024774774777,0.15086321854832002,0.5700901536603578,0.9786295641009113,3.5946750321750334
19,C:/Users/Akshat Mittu/Desktop/Model Monitoring Dashboard/pages/models/Bone Fracture Detection/Production/2024-03-01/fractured/103-rotated2-rotated3.jpg,fractured,108.31316361003863,0.20221318449544787,0.5676671429798975,0.9825484232837123,4.356197715572717
20,C:/Users/Akshat Mittu/Desktop/Model Monitoring Dashboard/pages/models/Bone Fracture Detection/Production/2024-03-01/fractured/103-rotated3-rotated1-rotated3.jpg,fractured,127.22140444015446,0.2097267910215579,0.5767263660634739,0.9793708717486723,4.285151222651223
21,C:/Users/Akshat Mittu/Desktop/Model Monitoring Dashboard/pages/models/Bone Fracture Detection/Production/2024-03-01/fractured/103-rotated3-rotated3-rotated3.jpg,fractured,142.7330678893179,0.21259111677596942,0.567132970398558,0.9776561760692114,4.666747104247105
22,C:/Users/Akshat Mittu/Desktop/Model Monitoring Dashboard/pages/models/Bone Fracture Detection/Production/2024-03-01/fractured/104-rotated1-rotated3-rotated3.jpg,fractured,113.26459942084942,0.2727497887921185,0.6371529785725166,0.986209705267646,3.686695624195624
23,C:/Users/Akshat Mittu/Desktop/Model Monitoring Dashboard/pages/models/Bone Fracture Detection/Production/2024-03-01/fractured/104-rotated1-rotated3.jpg,fractured,76.35362371299871,0.31010214726545576,0.7190930329553507,0.9904208974969236,2.4211108429858434
24,C:/Users/Akshat Mittu/Desktop/Model Monitoring Dashboard/pages/models/Bone Fracture Detection/Production/2024-03-01/fractured/104-rotated1.jpg,fractured,149.27903796653794,0.3170577853315809,0.6722584050644109,0.9813148673744835,3.5086872586872584
25,C:/Users/Akshat Mittu/Desktop/Model Monitoring Dashboard/pages/models/Bone Fracture Detection/Production/2024-03-01/fractured/104-rotated2-rotated2.jpg,fractured,129.41614382239382,0.3028937257416791,0.673276740213201,0.9838376884965749,3.3165620978120973
26,C:/Users/Akshat Mittu/Desktop/Model Monitoring Dashboard/pages/models/Bone Fracture Detection/Production/2024-03-01/fractured/104-rotated3-rotated2-rotated2.jpg,fractured,126.98427445302443,0.2628583630232924,0.6260497877131659,0.9845187887734773,4.119650900900901
27,C:/Users/Akshat Mittu/Desktop/Model Monitoring Dashboard/pages/models/Bone Fracture Detection/Production/2024-03-01/fractured/104-rotated3-rotated2.jpg,fractured,86.52248230373229,0.32075281780099163,0.71418456600851,0.98899976837737,2.4511743886743886
28,C:/Users/Akshat Mittu/Desktop/Model Monitoring Dashboard/pages/models/Bone Fracture Detection/Production/2024-03-01/fractured/104-rotated3-rotated3.jpg,fractured,116.81951817889319,0.29554681768864155,0.6871328293447272,0.9856035412686129,2.9830075611325615
29,C:/Users/Akshat Mittu/Desktop/Model Monitoring Dashboard/pages/models/Bone Fracture Detection/Production/2024-03-01/fractured/104.jpg,fractured,49.39807600316449,0.3614317272591673,0.791022337149386,0.9937604690416199,1.110218540528275
30,C:/Users/Akshat Mittu/Desktop/Model Monitoring Dashboard/pages/models/Bone Fracture Detection/Production/2024-03-01/fractured/105-rotated1-rotated1-rotated1.jpg,fractured,51.77153716216215,0.13588166478501698,0.5278941241607529,0.989628293052356,3.280988577863577
31,C:/Users/Akshat Mittu/Desktop/Model Monitoring Dashboard/pages/models/Bone Fracture Detection/Production/2024-03-01/fractured/105-rotated1-rotated2.jpg,fractured,116.99131274131271,0.12228296391716909,0.5147295406853788,0.9764002465759853,3.812701093951093
32,C:/Users/Akshat Mittu/Desktop/Model Monitoring Dashboard/pages/models/Bone Fracture Detection/Production/2024-03-01/fractured/105-rotated1-rotated3.jpg,fractured,86.55274694337193,0.1364140415872393,0.5435001584282932,0.9829058928015889,3.333152348777349
33,C:/Users/Akshat Mittu/Desktop/Model Monitoring Dashboard/pages/models/Bone Fracture Detection/Production/2024-03-01/fractured/105-rotated2-rotated1-rotated2.jpg,fractured,80.65622989060489,0.13181877375232046,0.5329030284447062,0.9840242895474945,3.250140765765767
34,C:/Users/Akshat Mittu/Desktop/Model Monitoring Dashboard/pages/models/Bone Fracture Detection/Production/2024-03-01/fractured/105-rotated2-rotated2-rotated3.jpg,fractured,58.13797055984556,0.15986243639594377,0.5334671590107812,0.9883539176920152,3.735541344916345
35,C:/Users/Akshat Mittu/Desktop/Model Monitoring Dashboard/pages/models/Bone Fracture Detection/Production/2024-03-01/fractured/105-rotated3-rotated3-rotated2.jpg,fractured,101.56849259974258,0.13959765308277353,0.5186672586829503,0.9799546363609379,3.901061776061775
36,C:/Users/Akshat Mittu/Desktop/Model Monitoring Dashboard/pages/models/Bone Fracture Detection/Production/2024-03-01/fractured/106-rotated1-rotated1-rotated2.jpg,fractured,53.803571428571416,0.1824413957667431,0.637589047889141,0.9857529964599843,2.3157979407979408
37,C:/Users/Akshat Mittu/Desktop/Model Monitoring Dashboard/pages/models/Bone Fracture Detection/Production/2024-03-01/fractured/106-rotated1-rotated3-rotated2.jpg,fractured,51.37439671814671,0.191846440211756,0.5954360239368317,0.9863235949060986,3.2737290862290864
38,C:/Users/Akshat Mittu/Desktop/Model Monitoring Dashboard/pages/models/Bone Fracture Detection/Production/2024-03-01/fractured/106-rotated1-rotated3-rotated3.jpg,fractured,62.30210344272842,0.20208726130285493,0.6255597594388514,0.9838875320362246,2.7524332368082356
39,C:/Users/Akshat Mittu/Desktop/Model Monitoring Dashboard/pages/models/Bone Fracture Detection/Production/2024-03-01/fractured/106-rotated2-rotated2-rotated1.jpg,fractured,83.13959942084942,0.16723226031207183,0.6076946882984752,0.9774436199157561,2.764559202059202
40,C:/Users/Akshat Mittu/Desktop/Model Monitoring Dashboard/pages/models/Bone Fracture Detection/Production/2024-03-01/fractured/106-rotated2-rotated2-rotated2.jpg,fractured,53.48662725225224,0.18230568502698205,0.61829228125656,0.9860860259123423,2.6156491312741306
41,C:/Users/Akshat Mittu/Desktop/Model Monitoring Dashboard/pages/models/Bone Fracture Detection/Production/2024-03-01/fractured/106-rotated2-rotated2-rotated3.jpg,fractured,54.52187902187904,0.20284210584155032,0.6012647231780797,0.9854996598461289,3.406853281853282
42,C:/Users/Akshat Mittu/Desktop/Model Monitoring Dashboard/pages/models/Bone Fracture Detection/Production/2024-03-01/fractured/106-rotated3-rotated1-rotated1.jpg,fractured,76.29641248391248,0.19902145919359968,0.589640624852391,0.979009212978961,3.773809523809523
43,C:/Users/Akshat Mittu/Desktop/Model Monitoring Dashboard/pages/models/Bone Fracture Detection/Production/2024-03-01/fractured/106-rotated3-rotated1-rotated2.jpg,fractured,69.95278314028315,0.20643753306192275,0.5920577336168366,0.9808228799587364,3.91787323037323
44,C:/Users/Akshat Mittu/Desktop/Model Monitoring Dashboard/pages/models/Bone Fracture Detection/Production/2024-03-01/fractured/106-rotated3-rotated3-rotated3.jpg,fractured,60.91656611969112,0.2082242947959346,0.6137611859086377,0.9838948448245324,3.149352477477478
45,C:/Users/Akshat Mittu/Desktop/Model Monitoring Dashboard/pages/models/Bone Fracture Detection/Production/2024-03-01/fractured/107-rotated1-rotated1-rotated2.jpg,fractured,118.39068532818533,0.13599698310283487,0.5274197240897841,0.9628020406164483,3.8723857786357785
46,C:/Users/Akshat Mittu/Desktop/Model Monitoring Dashboard/pages/models/Bone Fracture Detection/Production/2024-03-01/fractured/107-rotated1-rotated2-rotated1.jpg,fractured,128.2070262226512,0.12195161323385033,0.5033270912626118,0.9606482677768535,3.9937057593307594
47,C:/Users/Akshat Mittu/Desktop/Model Monitoring Dashboard/pages/models/Bone Fracture Detection/Production/2024-03-01/fractured/107-rotated1.jpg,fractured,192.72820141570142,0.13874746718682873,0.5088705194584136,0.9382779584074347,4.661196911196911
48,C:/Users/Akshat Mittu/Desktop/Model Monitoring Dashboard/pages/models/Bone Fracture Detection/Production/2024-03-01/fractured/107-rotated3-rotated2-rotated1.jpg,fractured,157.8485159266409,0.16169086595082313,0.46817752435463206,0.9613085789756997,5.318914897039897
49,C:/Users/Akshat Mittu/Desktop/Model Monitoring Dashboard/pages/models/Bone Fracture Detection/Production/2024-03-01/fractured/107-rotated3-rotated3-rotated1.jpg,fractured,132.04900659588162,0.15645061900161325,0.5153278879377886,0.9665937802151793,4.239201254826256
50,C:/Users/Akshat Mittu/Desktop/Model Monitoring Dashboard/pages/models/Bone Fracture Detection/Production/2024-03-01/fractured/108-rotated1-rotated1-rotated2.jpg,fractured,127.20706644144147,0.1928898928469273,0.5713697503887936,0.9736622883932815,3.7844071750321753
51,C:/Users/Akshat Mittu/Desktop/Model Monitoring Dashboard/pages/models/Bone Fracture Detection/Production/2024-03-01/fractured/108-rotated1-rotated3-rotated1.jpg,fractured,137.14179134491633,0.19255765751353732,0.5425366424700581,0.974081884951409,4.3598174066924065
52,C:/Users/Akshat Mittu/Desktop/Model Monitoring Dashboard/pages/models/Bone Fracture Detection/Production/2024-03-01/fractured/108-rotated2-rotated3-rotated1.jpg,fractured,129.6323399292149,0.1783349401602248,0.5663883382638515,0.9743622451658493,3.844896235521235
53,C:/Users/Akshat Mittu/Desktop/Model Monitoring Dashboard/pages/models/Bone Fracture Detection/Production/2024-03-01/fractured/108-rotated3-rotated1-rotated2.jpg,fractured,129.36488497426,0.18777713349200487,0.5578961693695764,0.9740320731605011,3.9901665057915063
54,C:/Users/Akshat Mittu/Desktop/Model Monitoring Dashboard/pages/models/Bone Fracture Detection/Production/2024-03-01/fractured/109-rotated1-rotated3-rotated1.jpg,fractured,141.54747828185327,0.25006455419519713,0.6086884430932477,0.9626871225741443,4.3044361325611336
55,C:/Users/Akshat Mittu/Desktop/Model Monitoring Dashboard/pages/models/Bone Fracture Detection/Production/2024-03-01/fractured/109-rotated2-rotated1.jpg,fractured,282.23849742599737,0.2656659825381934,0.6494650713319585,0.9246673891326999,4.002815315315314
56,C:/Users/Akshat Mittu/Desktop/Model Monitoring Dashboard/pages/models/Bone Fracture Detection/Production/2024-03-01/fractured/109-rotated3-rotated1-rotated1.jpg,fractured,221.5398568211068,0.24607661008856052,0.6534208437779172,0.9429465396747796,3.73170045045045
57,C:/Users/Akshat Mittu/Desktop/Model Monitoring Dashboard/pages/models/Bone Fracture Detection/Production/2024-03-01/fractured/109-rotated3-rotated1-rotated2.jpg,fractured,271.2309564028314,0.24352183141241,0.645952184156002,0.9309384122141845,3.981077059202059
58,C:/Users/Akshat Mittu/Desktop/Model Monitoring Dashboard/pages/models/Bone Fracture Detection/Production/2024-03-01/fractured/109-rotated3-rotated1.jpg,fractured,208.4672015765765,0.24544175199836865,0.6156031236364046,0.9457765514483765,4.316421332046331
59,C:/Users/Akshat Mittu/Desktop/Model Monitoring Dashboard/pages/models/Bone Fracture Detection/Production/2024-03-01/fractured/109-rotated3-rotated2-rotated3.jpg,fractured,140.78265765765767,0.2554100099353178,0.6319819944842026,0.9632004878816333,3.6338883526383534
60,C:/Users/Akshat Mittu/Desktop/Model Monitoring Dashboard/pages/models/Bone Fracture Detection/Production/2024-03-01/fractured/109-rotated3-rotated2.jpg,fractured,212.77151705276714,0.2436506841620555,0.6325585261167839,0.9446525847424078,3.802525740025741
61,C:/Users/Akshat Mittu/Desktop/Model Monitoring Dashboard/pages/models/Bone Fracture Detection/Production/2024-03-01/fractured/109-rotated3.jpg,fractured,381.80385296010286,0.26246956250194,0.6416968748654371,0.9005603481661665,4.649694337194337
62,C:/Users/Akshat Mittu/Desktop/Model Monitoring Dashboard/pages/models/Bone Fracture Detection/Production/2024-03-01/fractured/11-rotated1-rotated1-rotated1.jpg,fractured,116.72667310167309,0.35718411270550265,0.6462938402985217,0.9734063332577829,3.694377413127413
63,C:/Users/Akshat Mittu/Desktop/Model Monitoring Dashboard/pages/models/Bone Fracture Detection/Production/2024-03-01/fractured/11-rotated1-rotated2.jpg,fractured,139.08273005148,0.3648330729245348,0.6476748477252825,0.9683803625921472,3.9208494208494193
64,C:/Users/Akshat Mittu/Desktop/Model Monitoring Dashboard/pages/models/Bone Fracture Detection/Production/2024-03-01/fractured/11-rotated2-rotated2-rotated2.jpg,fractured,87.77559925997426,0.3658307003086871,0.7143489454184139,0.9803009841314353,2.5763151544401537
65,C:/Users/Akshat Mittu/Desktop/Model Monitoring Dashboard/pages/models/Bone Fracture Detection/Production/2024-03-01/fractured/11-rotated3.jpg,fractured,111.6114864864865,0.36386691827263107,0.6602892702643665,0.9747545886230556,3.53326093951094
66,C:/Users/Akshat Mittu/Desktop/Model Monitoring Dashboard/pages/models/Bone Fracture Detection/Production/2024-03-01/fractured/110-rotated1-rotated1-rotated3.jpg,fractured,129.65852236164736,0.15739356028351906,0.5459599903446091,0.9768950594295273,4.048282657657658
67,C:/Users/Akshat Mittu/Desktop/Model Monitoring Dashboard/pages/models/Bone Fracture Detection/Production/2024-03-01/fractured/110-rotated1-rotated1.jpg,fractured,81.8504062097812,0.16299692503503935,0.5810792752047853,0.9841943140724136,3.256254021879022
68,C:/Users/Akshat Mittu/Desktop/Model Monitoring Dashboard/pages/models/Bone Fracture Detection/Production/2024-03-01/fractured/110-rotated1-rotated2-rotated2.jpg,fractured,96.48670768983271,0.1538224647792076,0.5759081843877953,0.9823053117418289,3.3609837516087517
69,C:/Users/Akshat Mittu/Desktop/Model Monitoring Dashboard/pages/models/Bone Fracture Detection/Production/2024-03-01/fractured/110-rotated2-rotated1-rotated2.jpg,fractured,103.34998391248392,0.1488501399241292,0.5535211905470805,0.981358966922546,3.6052525740025736
70,C:/Users/Akshat Mittu/Desktop/Model Monitoring Dashboard/pages/models/Bone Fracture Detection/Production/2024-03-01/fractured/110-rotated2-rotated1-rotated3.jpg,fractured,105.46285794723293,0.1450914471446042,0.5408144487031648,0.9809790174839728,3.75098536036036
71,C:/Users/Akshat Mittu/Desktop/Model Monitoring Dashboard/pages/models/Bone Fracture Detection/Production/2024-03-01/fractured/110-rotated3-rotated1-rotated2.jpg,fractured,105.86912805662804,0.14919046321354837,0.5290352195963259,0.9815101608119647,4.013433075933076
72,C:/Users/Akshat Mittu/Desktop/Model Monitoring Dashboard/pages/models/Bone Fracture Detection/Production/2024-03-01/fractured/111-rotated2-rotated1-rotated2.jpg,fractured,246.69228603603605,0.24781597808297534,0.5622716059742942,0.9597878326490334,5.043878700128699
73,C:/Users/Akshat Mittu/Desktop/Model Monitoring Dashboard/pages/models/Bone Fracture Detection/Production/2024-03-01/fractured/111-rotated2-rotated3-rotated3.jpg,fractured,279.5807995495496,0.23995639125984733,0.5733722127517593,0.9540520227770459,4.830638674388674
74,C:/Users/Akshat Mittu/Desktop/Model Monitoring Dashboard/pages/models/Bone Fracture Detection/Production/2024-03-01/fractured/111-rotated2-rotated3.jpg,fractured,248.75428330115832,0.2527194016030596,0.5562354049972966,0.9594757867987619,5.5155043436293445
75,C:/Users/Akshat Mittu/Desktop/Model Monitoring Dashboard/pages/models/Bone Fracture Detection/Production/2024-03-01/fractured/111-rotated3-rotated1-rotated3.jpg,fractured,134.48067487129987,0.25071497851221014,0.6186884921879504,0.9775980436103917,3.4369972651222653
76,C:/Users/Akshat Mittu/Desktop/Model Monitoring Dashboard/pages/models/Bone Fracture Detection/Production/2024-03-01/fractured/111-rotated3-rotated3-rotated1.jpg,fractured,177.11886663449158,0.2396791464811675,0.581447129711623,0.9705631189173386,4.2010738416988405
77,C:/Users/Akshat Mittu/Desktop/Model Monitoring Dashboard/pages/models/Bone Fracture Detection/Production/2024-03-01/fractured/111-rotated3-rotated3-rotated2.jpg,fractured,181.31768822393818,0.24044334376761856,0.568565042507182,0.9698612523934524,4.477919884169883
78,C:/Users/Akshat Mittu/Desktop/Model Monitoring Dashboard/pages/models/Bone Fracture Detection/Production/2024-03-01/fractured/112-rotated1-rotated1-rotated2.jpg,fractured,243.87960505148004,0.13333856248027545,0.4180863585126092,0.9554000696773257,6.231760778635779
79,C:/Users/Akshat Mittu/Desktop/Model Monitoring Dashboard/pages/models/Bone Fracture Detection/Production/2024-03-01/fractured/112-rotated1-rotated2.jpg,fractured,247.95702622265122,0.0963717704845932,0.4493214643292237,0.9515126975265348,5.239764317889318
80,C:/Users/Akshat Mittu/Desktop/Model Monitoring Dashboard/pages/models/Bone Fracture Detection/Production/2024-03-01/fractured/112-rotated1-rotated3.jpg,fractured,288.56722570785075,0.13708587846822745,0.4110029722719166,0.9478403062625029,6.870435167310167
81,C:/Users/Akshat Mittu/Desktop/Model Monitoring Dashboard/pages/models/Bone Fracture Detection/Production/2024-03-01/fractured/112-rotated1.jpg,fractured,265.6442849099099,0.08338040533327595,0.4447969095022356,0.9453957169614828,5.136884652509653
82,C:/Users/Akshat Mittu/Desktop/Model Monitoring Dashboard/pages/models/Bone Fracture Detection/Production/2024-03-01/fractured/112-rotated2-rotated2-rotated3.jpg,fractured,281.07679777992274,0.13666768047449118,0.4226542395155077,0.9492789241122862,6.35008445945946
83,C:/Users/Akshat Mittu/Desktop/Model Monitoring Dashboard/pages/models/Bone Fracture Detection/Production/2024-03-01/fractured/112-rotated2-rotated3-rotated1.jpg,fractured,269.270028957529,0.1170782902949597,0.4178287973454106,0.9500896871028366,6.063264157014157
84,C:/Users/Akshat Mittu/Desktop/Model Monitoring Dashboard/pages/models/Bone Fracture Detection/Production/2024-03-01/fractured/112-rotated2-rotated3-rotated2.jpg,fractured,223.3073721042471,0.11015305684363096,0.4608508347761032,0.9578619923613438,4.6839406370656365
85,C:/Users/Akshat Mittu/Desktop/Model Monitoring Dashboard/pages/models/Bone Fracture Detection/Production/2024-03-01/fractured/112-rotated2-rotated3-rotated3.jpg,fractured,311.0870535714285,0.14742024809290835,0.40938724307012586,0.9444174401811203,7.296714124839123
86,C:/Users/Akshat Mittu/Desktop/Model Monitoring Dashboard/pages/models/Bone Fracture Detection/Production/2024-03-01/fractured/112-rotated2-rotated3.jpg,fractured,227.44813787001289,0.08248036511849281,0.45074761791044704,0.9529930331435568,4.621038449163449
87,C:/Users/Akshat Mittu/Desktop/Model Monitoring Dashboard/pages/models/Bone Fracture Detection/Production/2024-03-01/fractured/112.jpg,fractured,57.07092181665102,0.09973853870471125,0.6169293852720317,0.9876651639694014,1.758507287058379
88,C:/Users/Akshat Mittu/Desktop/Model Monitoring Dashboard/pages/models/Bone Fracture Detection/Production/2024-03-01/fractured/113-rotated1-rotated2-rotated2.jpg,fractured,198.2086953024453,0.15072202520068406,0.6018688404280758,0.9581189274184763,3.762508043758044
89,C:/Users/Akshat Mittu/Desktop/Model Monitoring Dashboard/pages/models/Bone Fracture Detection/Production/2024-03-01/fractured/113-rotated2-rotated1-rotated1.jpg,fractured,197.1679938867439,0.18186532198615923,0.5681816115519958,0.9590079287621829,5.110963642213641
90,C:/Users/Akshat Mittu/Desktop/Model Monitoring Dashboard/pages/models/Bone Fracture Detection/Production/2024-03-01/fractured/113-rotated2-rotated2-rotated2.jpg,fractured,200.943754021879,0.14830464300521942,0.5860692244536234,0.9578977857600899,4.0727759009009
91,C:/Users/Akshat Mittu/Desktop/Model Monitoring Dashboard/pages/models/Bone Fracture Detection/Production/2024-03-01/fractured/113-rotated2-rotated2-rotated3.jpg,fractured,186.08494208494207,0.17317365178024374,0.569339476024626,0.9611483963635518,4.840130308880308
92,C:/Users/Akshat Mittu/Desktop/Model Monitoring Dashboard/pages/models/Bone Fracture Detection/Production/2024-03-01/fractured/113-rotated2-rotated2.jpg,fractured,207.3043355855856,0.15601998639586584,0.5874536909522576,0.9571770764944371,4.258767696267696
93,C:/Users/Akshat Mittu/Desktop/Model Monitoring Dashboard/pages/models/Bone Fracture Detection/Production/2024-03-01/fractured/113-rotated3-rotated2-rotated1.jpg,fractured,176.44743404118407,0.1601199122873655,0.5791299488118825,0.9631780188801592,4.245817245817246
94,C:/Users/Akshat Mittu/Desktop/Model Monitoring Dashboard/pages/models/Bone Fracture Detection/Production/2024-03-01/fractured/113-rotated3-rotated3-rotated3.jpg,fractured,253.8789615508366,0.18844604285343566,0.5707462834360144,0.947845108122409,5.332629504504506
95,C:/Users/Akshat Mittu/Desktop/Model Monitoring Dashboard/pages/models/Bone Fracture Detection/Production/2024-03-01/fractured/113-rotated3-rotated3.jpg,fractured,317.4793275418275,0.1789730691131205,0.5603471353744705,0.9352155942624903,6.014317889317888
96,C:/Users/Akshat Mittu/Desktop/Model Monitoring Dashboard/pages/models/Bone Fracture Detection/Production/2024-03-01/fractured/114-rotated1-rotated3-rotated2.jpg,fractured,182.661398005148,0.09623558876265809,0.41138141922923704,0.9695305284424778,5.534105534105533
97,C:/Users/Akshat Mittu/Desktop/Model Monitoring Dashboard/pages/models/Bone Fracture Detection/Production/2024-03-01/fractured/114-rotated3-rotated1-rotated3.jpg,fractured,242.60581563706563,0.15197626693501695,0.3829913486808145,0.9646498389734454,7.544763513513514
98,C:/Users/Akshat Mittu/Desktop/Model Monitoring Dashboard/pages/models/Bone Fracture Detection/Production/2024-03-01/fractured/115-rotated1-rotated2-rotated3.jpg,fractured,223.7984435328185,0.1457697205857137,0.35311026006031254,0.9555307072547813,7.326918436293436
99,C:/Users/Akshat Mittu/Desktop/Model Monitoring Dashboard/pages/models/Bone Fracture Detection/Production/2024-03-01/fractured/115-rotated2-rotated1-rotated1.jpg,fractured,242.64446589446587,0.09906600162005336,0.39939094023583677,0.9486340489059584,6.334137709137708
100,C:/Users/Akshat Mittu/Desktop/Model Monitoring Dashboard/pages/models/Bone Fracture Detection/Production/2024-03-01/fractured/115-rotated2-rotated1-rotated2.jpg,fractured,190.9976270913771,0.08959037834145389,0.41636295661505557,0.9587438754730186,5.727316602316602
101,C:/Users/Akshat Mittu/Desktop/Model Monitoring Dashboard/pages/models/Bone Fracture Detection/Production/2024-03-01/fractured/115-rotated3-rotated2-rotated3.jpg,fractured,177.46663851351352,0.10980159439942697,0.42140961104188457,0.9631283066579086,5.53758445945946
102,C:/Users/Akshat Mittu/Desktop/Model Monitoring Dashboard/pages/models/Bone Fracture Detection/Production/2024-03-01/fractured/115-rotated3-rotated3-rotated2.jpg,fractured,181.26077863577865,0.11473739943284697,0.42061783300615835,0.962354390121167,5.61434202059202
103,C:/Users/Akshat Mittu/Desktop/Model Monitoring Dashboard/pages/models/Bone Fracture Detection/Production/2024-03-01/fractured/116-rotated1-rotated2.jpg,fractured,125.87980614543115,0.16692070114408375,0.528245261383109,0.9640064499464406,3.7480091698841695
104,C:/Users/Akshat Mittu/Desktop/Model Monitoring Dashboard/pages/models/Bone Fracture Detection/Production/2024-03-01/fractured/116-rotated2-rotated3-rotated1.jpg,fractured,127.65542551480048,0.1730804066005781,0.4792886697252341,0.9669477319379918,4.8105091698841695
105,C:/Users/Akshat Mittu/Desktop/Model Monitoring Dashboard/pages/models/Bone Fracture Detection/Production/2024-03-01/fractured/116-rotated2-rotated3-rotated3.jpg,fractured,127.3020431145431,0.17345403834783354,0.47312822690567574,0.9670587379292891,4.864864864864865
106,C:/Users/Akshat Mittu/Desktop/Model Monitoring Dashboard/pages/models/Bone Fracture Detection/Production/2024-03-01/fractured/116-rotated2-rotated3.jpg,fractured,124.92929536679534,0.1622314884726733,0.5254466885601138,0.9644194222076208,3.747265122265122
107,C:/Users/Akshat Mittu/Desktop/Model Monitoring Dashboard/pages/models/Bone Fracture Detection/Production/2024-03-01/fractured/116-rotated3-rotated2-rotated3.jpg,fractured,115.14808558558558,0.15492190613786347,0.48044457354925857,0.9695057086380414,4.362773487773487
108,C:/Users/Akshat Mittu/Desktop/Model Monitoring Dashboard/pages/models/Bone Fracture Detection/Production/2024-03-01/fractured/116-rotated3-rotated3-rotated2.jpg,fractured,117.16149855212353,0.1567777767492262,0.4916439672848447,0.9691580189570562,4.230594433719433
109,C:/Users/Akshat Mittu/Desktop/Model Monitoring Dashboard/pages/models/Bone Fracture Detection/Production/2024-03-01/fractured/117-rotated1-rotated2-rotated2.jpg,fractured,69.0428129021879,0.4232699812595185,0.7341044197592504,0.9773962657222154,2.0914374195624195
110,C:/Users/Akshat Mittu/Desktop/Model Monitoring Dashboard/pages/models/Bone Fracture Detection/Production/2024-03-01/fractured/117-rotated2-rotated3-rotated2.jpg,fractured,86.59845559845557,0.3203942248252602,0.6443727427692827,0.972893030774674,3.0891248391248385
111,C:/Users/Akshat Mittu/Desktop/Model Monitoring Dashboard/pages/models/Bone Fracture Detection/Production/2024-03-01/fractured/117-rotated2.jpg,fractured,145.9253539253539,0.5302853680636436,0.7808876209220753,0.9529542842800824,2.5430341055341046
112,C:/Users/Akshat Mittu/Desktop/Model Monitoring Dashboard/pages/models/Bone Fracture Detection/Production/2024-03-01/fractured/117-rotated3-rotated1-rotated1.jpg,fractured,87.37763433075934,0.36666398613943785,0.6679591518006596,0.9720241682672373,2.8619490025740024
113,C:/Users/Akshat Mittu/Desktop/Model Monitoring Dashboard/pages/models/Bone Fracture Detection/Production/2024-03-01/fractured/117-rotated3-rotated1-rotated3.jpg,fractured,73.74475144787645,0.39856337443510664,0.7233790155234182,0.9759178069725214,2.2096002252252256
114,C:/Users/Akshat Mittu/Desktop/Model Monitoring Dashboard/pages/models/Bone Fracture Detection/Production/2024-03-01/fractured/118-rotated1-rotated2-rotated3.jpg,fractured,33.713159588159584,0.19365893599942782,0.6491552311148383,0.990269577608454,1.7899774774774775
115,C:/Users/Akshat Mittu/Desktop/Model Monitoring Dashboard/pages/models/Bone Fracture Detection/Production/2024-03-01/fractured/118-rotated1.jpg,fractured,60.086953024453024,0.22343369095370916,0.6969614191119533,0.9812692677827479,1.7707931145431144
116,C:/Users/Akshat Mittu/Desktop/Model Monitoring Dashboard/pages/models/Bone Fracture Detection/Production/2024-03-01/fractured/118-rotated2-rotated1.jpg,fractured,54.02029037966537,0.18597952581769012,0.6662472406377002,0.9832827166688404,1.9951536357786357
117,C:/Users/Akshat Mittu/Desktop/Model Monitoring Dashboard/pages/models/Bone Fracture Detection/Production/2024-03-01/fractured/118-rotated2-rotated2-rotated2.jpg,fractured,46.0890444015444,0.21286063495964697,0.6855367802993519,0.985617913272154,1.70145592020592
118,C:/Users/Akshat Mittu/Desktop/Model Monitoring Dashboard/pages/models/Bone Fracture Detection/Production/2024-03-01/fractured/118-rotated3-rotated1.jpg,fractured,35.80910151222651,0.2388457584915678,0.7102010148442414,0.9886058489751516,1.5743444337194334
119,C:/Users/Akshat Mittu/Desktop/Model Monitoring Dashboard/pages/models/Bone Fracture Detection/Production/2024-03-01/fractured/119-rotated1-rotated1-rotated1.jpg,fractured,195.09292551480053,0.14252122758844857,0.6006170192816764,0.9386903612679935,3.459358912483913
120,C:/Users/Akshat Mittu/Desktop/Model Monitoring Dashboard/pages/models/Bone Fracture Detection/Production/2024-03-01/fractured/119-rotated1-rotated2-rotated2.jpg,fractured,212.9205477799228,0.16076002103525394,0.546318690724264,0.9401036184167871,4.3625925032175035
121,C:/Users/Akshat Mittu/Desktop/Model Monitoring Dashboard/pages/models/Bone Fracture Detection/Production/2024-03-01/fractured/119-rotated1-rotated3-rotated2.jpg,fractured,208.19011422136418,0.13109132054161285,0.5949593956418863,0.9329726462758259,3.6455115830115834
122,C:/Users/Akshat Mittu/Desktop/Model Monitoring Dashboard/pages/models/Bone Fracture Detection/Production/2024-03-01/fractured/119-rotated2.jpg,fractured,309.3971605534105,0.148451727297536,0.5609685322885795,0.9086919209336914,4.4070141570141566
123,C:/Users/Akshat Mittu/Desktop/Model Monitoring Dashboard/pages/models/Bone Fracture Detection/Production/2024-03-01/fractured/119-rotated3-rotated2.jpg,fractured,257.66473616473615,0.1584481113050574,0.5475459009450847,0.9285365849942512,4.472490347490347
124,C:/Users/Akshat Mittu/Desktop/Model Monitoring Dashboard/pages/models/Bone Fracture Detection/Production/2024-03-01/fractured/119-rotated3-rotated3-rotated1.jpg,fractured,200.7063022844273,0.16889489965093035,0.5317499162162171,0.944582006482024,4.510758526383527
125,C:/Users/Akshat Mittu/Desktop/Model Monitoring Dashboard/pages/models/Bone Fracture Detection/Production/2024-03-01/fractured/119.jpg,fractured,39.47178700361011,0.13176950569088242,0.6055429694274929,0.986864023132577,1.7016674689129563
126,C:/Users/Akshat Mittu/Desktop/Model Monitoring Dashboard/pages/models/Bone Fracture Detection/Production/2024-03-01/fractured/12-rotated1-rotated3-rotated1.jpg,fractured,310.45071187258685,0.2537632476283476,0.5499904613308563,0.9730824484650112,5.953607625482626
127,C:/Users/Akshat Mittu/Desktop/Model Monitoring Dashboard/pages/models/Bone Fracture Detection/Production/2024-03-01/fractured/12-rotated1.jpg,fractured,310.011221042471,0.2588283314605449,0.5393227277348948,0.9741248743908043,5.661840411840412
128,C:/Users/Akshat Mittu/Desktop/Model Monitoring Dashboard/pages/models/Bone Fracture Detection/Production/2024-03-01/fractured/12-rotated3-rotated1.jpg,fractured,297.366352960103,0.2585788802824948,0.5521473872066655,0.9742475821158139,5.859475546975546
129,C:/Users/Akshat Mittu/Desktop/Model Monitoring Dashboard/pages/models/Bone Fracture Detection/Production/2024-03-01/fractured/12-rotated3-rotated3-rotated1.jpg,fractured,376.0173544079793,0.2443835532632116,0.49738265133764176,0.9666443862447488,7.618384009009008
130,C:/Users/Akshat Mittu/Desktop/Model Monitoring Dashboard/pages/models/Bone Fracture Detection/Production/2024-03-01/fractured/120-rotated2-rotated2.jpg,fractured,104.18291505791504,0.13376864323788884,0.49648284112629326,0.9821730297145725,4.086711711711711
131,C:/Users/Akshat Mittu/Desktop/Model Monitoring Dashboard/pages/models/Bone Fracture Detection/Production/2024-03-01/fractured/120-rotated2-rotated3-rotated3.jpg,fractured,90.68693693693693,0.14439664335342456,0.5027951552099243,0.9850283430956861,3.8239623552123554
132,C:/Users/Akshat Mittu/Desktop/Model Monitoring Dashboard/pages/models/Bone Fracture Detection/Production/2024-03-01/fractured/120-rotated3-rotated1-rotated3.jpg,fractured,109.02020994208495,0.1505027058053322,0.5057923543328585,0.9818181767981751,4.198580276705278
133,C:/Users/Akshat Mittu/Desktop/Model Monitoring Dashboard/pages/models/Bone Fracture Detection/Production/2024-03-01/fractured/13-rotated1-rotated3.jpg,fractured,119.82671734234232,0.1328279868632665,0.5715117724728263,0.9684935622875007,3.921794562419562
134,C:/Users/Akshat Mittu/Desktop/Model Monitoring Dashboard/pages/models/Bone Fracture Detection/Production/2024-03-01/fractured/13-rotated2-rotated1-rotated1.jpg,fractured,118.38793034105535,0.15266812323860504,0.5513914335999334,0.9709646194254683,4.424891409266409
135,C:/Users/Akshat Mittu/Desktop/Model Monitoring Dashboard/pages/models/Bone Fracture Detection/Production/2024-03-01/fractured/13-rotated2-rotated1.jpg,fractured,94.42378539253538,0.12170520582317362,0.5990979472364021,0.9708126617071672,2.86402027027027
136,C:/Users/Akshat Mittu/Desktop/Model Monitoring Dashboard/pages/models/Bone Fracture Detection/Production/2024-03-01/fractured/13-rotated2-rotated3-rotated1.jpg,fractured,63.88225949163448,0.13754034057084583,0.6308366843516012,0.983293208792259,2.394405566280566
137,C:/Users/Akshat Mittu/Desktop/Model Monitoring Dashboard/pages/models/Bone Fracture Detection/Production/2024-03-01/fractured/14-rotated1-rotated3-rotated1.jpg,fractured,162.854046010296,0.15849246131248346,0.5089771426071291,0.9779730556519622,4.840250965250964
138,C:/Users/Akshat Mittu/Desktop/Model Monitoring Dashboard/pages/models/Bone Fracture Detection/Production/2024-03-01/fractured/14-rotated2.jpg,fractured,195.35591618404118,0.17932783694218843,0.5269551519605812,0.9732386578060663,5.35004424066924
139,C:/Users/Akshat Mittu/Desktop/Model Monitoring Dashboard/pages/models/Bone Fracture Detection/Production/2024-03-01/no fracture/10-rotated1-rotated1.jpg,no fracture,211.84031129343632,0.2215324448391319,0.5802268978479301,0.9713830474370535,5.020451254826256
140,C:/Users/Akshat Mittu/Desktop/Model Monitoring Dashboard/pages/models/Bone Fracture Detection/Production/2024-03-01/no fracture/10-rotated1-rotated2-rotated3.jpg,no fracture,166.58073922136418,0.2286164626057489,0.5853363644907985,0.9777629211955691,4.673604407979408
141,C:/Users/Akshat Mittu/Desktop/Model Monitoring Dashboard/pages/models/Bone Fracture Detection/Production/2024-03-01/no fracture/10-rotated1-rotated3-rotated1-rotated1.jpg,no fracture,175.6793758043758,0.21371420512873607,0.568285030109582,0.9760877098781704,5.133888352638353
142,C:/Users/Akshat Mittu/Desktop/Model Monitoring Dashboard/pages/models/Bone Fracture Detection/Production/2024-03-01/no fracture/10-rotated2-rotated1-rotated1.jpg,no fracture,182.09720881595885,0.21734008169817828,0.5890170061276183,0.9753473688007346,4.7477477477477485
143,C:/Users/Akshat Mittu/Desktop/Model Monitoring Dashboard/pages/models/Bone Fracture Detection/Production/2024-03-01/no fracture/10-rotated2-rotated2-rotated2.jpg,no fracture,177.72524533462035,0.20480817010310196,0.5775744745923745,0.9761643555830651,4.739965411840413
144,C:/Users/Akshat Mittu/Desktop/Model Monitoring Dashboard/pages/models/Bone Fracture Detection/Production/2024-03-01/no fracture/10-rotated2-rotated3-rotated1.jpg,no fracture,161.43444337194336,0.2078376375975585,0.5752629607846608,0.9781812830707546,4.565516409266408
145,C:/Users/Akshat Mittu/Desktop/Model Monitoring Dashboard/pages/models/Bone Fracture Detection/Production/2024-03-01/no fracture/10-rotated3-rotated1-rotated1-rotated1.jpg,no fracture,169.1478844916345,0.22769722096535974,0.5641216511660504,0.9771706702214947,5.282617438867439
146,C:/Users/Akshat Mittu/Desktop/Model Monitoring Dashboard/pages/models/Bone Fracture Detection/Production/2024-03-01/no fracture/10-rotated3-rotated1-rotated3.jpg,no fracture,178.67656048906045,0.22077842737925896,0.5781420522490905,0.9757902114439382,5.139076576576576
147,C:/Users/Akshat Mittu/Desktop/Model Monitoring Dashboard/pages/models/Bone Fracture Detection/Production/2024-03-01/no fracture/10-rotated3-rotated3.jpg,no fracture,182.96159105534105,0.21028180428688156,0.5913684903663271,0.9757181775538741,4.619771557271557
148,C:/Users/Akshat Mittu/Desktop/Model Monitoring Dashboard/pages/models/Bone Fracture Detection/Production/2024-03-01/no fracture/12-rotated1-rotated1-rotated2-rotated1.jpg,no fracture,58.67378539253539,0.15738230965649025,0.6247930247102272,0.9808949879154324,2.56382722007722
149,C:/Users/Akshat Mittu/Desktop/Model Monitoring Dashboard/pages/models/Bone Fracture Detection/Production/2024-03-01/no fracture/12-rotated1-rotated2-rotated2-rotated1.jpg,no fracture,75.54110360360359,0.15695040787555042,0.6017496438219812,0.9754963458204947,3.0564671814671813
150,C:/Users/Akshat Mittu/Desktop/Model Monitoring Dashboard/pages/models/Bone Fracture Detection/Production/2024-03-01/no fracture/12-rotated2-rotated1-rotated1.jpg,no fracture,85.78374356499359,0.14698377900112017,0.599465806076229,0.9703168807475182,3.182955276705277
151,C:/Users/Akshat Mittu/Desktop/Model Monitoring Dashboard/pages/models/Bone Fracture Detection/Production/2024-03-01/no fracture/12-rotated2-rotated1-rotated2-rotated1.jpg,no fracture,83.8831443050193,0.17789441517404372,0.5809639510588234,0.9746956126126034,3.5728965572715574
152,C:/Users/Akshat Mittu/Desktop/Model Monitoring Dashboard/pages/models/Bone Fracture Detection/Production/2024-03-01/no fracture/12-rotated3-rotated1-rotated3.jpg,no fracture,67.5824284105534,0.1588697284429866,0.6111994259646361,0.9783487642559453,2.750542953667953
153,C:/Users/Akshat Mittu/Desktop/Model Monitoring Dashboard/pages/models/Bone Fracture Detection/Production/2024-03-01/no fracture/12-rotated3-rotated2-rotated2-rotated1.jpg,no fracture,59.239724099099085,0.14961042705406172,0.6245503391350969,0.9805672806858378,2.5231056949806945
154,C:/Users/Akshat Mittu/Desktop/Model Monitoring Dashboard/pages/models/Bone Fracture Detection/Production/2024-03-01/no fracture/12-rotated3-rotated2-rotated3.jpg,no fracture,69.1153877091377,0.14890271933654872,0.6249953253642495,0.9774500370759471,2.6383526383526386
155,C:/Users/Akshat Mittu/Desktop/Model Monitoring Dashboard/pages/models/Bone Fracture Detection/Production/2024-03-01/no fracture/13-rotated1-rotated2-rotated2.jpg,no fracture,151.96951415701415,0.33506764793542876,0.5953810076482584,0.9758037297744159,4.140444015444015
156,C:/Users/Akshat Mittu/Desktop/Model Monitoring Dashboard/pages/models/Bone Fracture Detection/Production/2024-03-01/no fracture/13-rotated1-rotated3-rotated1.jpg,no fracture,107.81624034749035,0.3774749830030728,0.6169299525779728,0.9822831583834906,3.3703346203346203
157,C:/Users/Akshat Mittu/Desktop/Model Monitoring Dashboard/pages/models/Bone Fracture Detection/Production/2024-03-01/no fracture/13-rotated2-rotated2-rotated1-rotated1.jpg,no fracture,115.79526624839121,0.33587591019683155,0.6032776256904275,0.9811707168130451,3.638573841698841
158,C:/Users/Akshat Mittu/Desktop/Model Monitoring Dashboard/pages/models/Bone Fracture Detection/Production/2024-03-01/no fracture/13-rotated2-rotated2-rotated3-rotated1.jpg,no fracture,112.91393178893178,0.33018901990659805,0.6306052016165222,0.9820037272478988,3.083534427284427
159,C:/Users/Akshat Mittu/Desktop/Model Monitoring Dashboard/pages/models/Bone Fracture Detection/Production/2024-03-01/no fracture/13-rotated3-rotated2-rotated3.jpg,no fracture,119.2230131917632,0.31311981677687384,0.6143505137925993,0.9811258013600554,3.324324324324324
160,C:/Users/Akshat Mittu/Desktop/Model Monitoring Dashboard/pages/models/Bone Fracture Detection/Production/2024-03-01/no fracture/13-rotated3-rotated3.jpg,no fracture,161.19115990990986,0.34042007241773753,0.6046522434453436,0.9743285337673734,4.123069498069497
161,C:/Users/Akshat Mittu/Desktop/Model Monitoring Dashboard/pages/models/Bone Fracture Detection/Production/2024-03-01/no fracture/14-rotated1-rotated1-rotated1-rotated1.jpg,no fracture,111.20752895752894,0.2277544388074957,0.6058038821842375,0.985638491701517,3.7521315958815955
162,C:/Users/Akshat Mittu/Desktop/Model Monitoring Dashboard/pages/models/Bone Fracture Detection/Production/2024-03-01/no fracture/14-rotated1-rotated1-rotated2.jpg,no fracture,135.84332770270268,0.23339926790119792,0.6002781477869313,0.9826348534979892,4.229588963963963
163,C:/Users/Akshat Mittu/Desktop/Model Monitoring Dashboard/pages/models/Bone Fracture Detection/Production/2024-03-01/no fracture/14-rotated2-rotated3-rotated3.jpg,no fracture,158.12246621621625,0.22662987359095593,0.5965673382049416,0.9797912045232918,4.197031853281853
164,C:/Users/Akshat Mittu/Desktop/Model Monitoring Dashboard/pages/models/Bone Fracture Detection/Production/2024-03-01/no fracture/14-rotated3-rotated1-rotated2-rotated1.jpg,no fracture,150.8989703989704,0.22392805118112527,0.5842106888084895,0.9805893524900856,4.253861003861004
165,C:/Users/Akshat Mittu/Desktop/Model Monitoring Dashboard/pages/models/Bone Fracture Detection/Production/2024-03-01/no fracture/14-rotated3-rotated1-rotated2.jpg,no fracture,172.0766369047619,0.22607361019973587,0.5879513226152052,0.9779599357944935,4.503961550836551
166,C:/Users/Akshat Mittu/Desktop/Model Monitoring Dashboard/pages/models/Bone Fracture Detection/Production/2024-03-01/no fracture/14-rotated3-rotated2-rotated1-rotated1.jpg,no fracture,119.28645833333331,0.237342798919032,0.5995890191020308,0.9847307436839372,3.8274814993565
167,C:/Users/Akshat Mittu/Desktop/Model Monitoring Dashboard/pages/models/Bone Fracture Detection/Production/2024-03-01/no fracture/15-rotated1-rotated1-rotated1.jpg,no fracture,150.61536759974263,0.20026019999211073,0.5914515468486807,0.9814596923941504,3.7943412162162167
168,C:/Users/Akshat Mittu/Desktop/Model Monitoring Dashboard/pages/models/Bone Fracture Detection/Production/2024-03-01/no fracture/15-rotated1-rotated1-rotated3.jpg,no fracture,172.45149613899613,0.20215753014795487,0.543382910374783,0.9793019658703355,4.669079794079795
169,C:/Users/Akshat Mittu/Desktop/Model Monitoring Dashboard/pages/models/Bone Fracture Detection/Production/2024-03-01/no fracture/15-rotated1-rotated1.jpg,no fracture,172.44548342985843,0.20483089006677202,0.6147563629129783,0.9783270855938516,3.4966417310167315
170,C:/Users/Akshat Mittu/Desktop/Model Monitoring Dashboard/pages/models/Bone Fracture Detection/Production/2024-03-01/no fracture/15-rotated1-rotated2-rotated1.jpg,no fracture,172.77907818532816,0.2083753977083869,0.5525303616257665,0.9791620037183557,4.577582046332047
171,C:/Users/Akshat Mittu/Desktop/Model Monitoring Dashboard/pages/models/Bone Fracture Detection/Production/2024-03-01/no fracture/15-rotated1-rotated3-rotated2.jpg,no fracture,169.23912081724578,0.1994200998999769,0.5563407311587771,0.9795220324537492,4.377191924066923
172,C:/Users/Akshat Mittu/Desktop/Model Monitoring Dashboard/pages/models/Bone Fracture Detection/Production/2024-03-01/no fracture/15-rotated1.jpg,no fracture,174.26232705920208,0.2031694638525128,0.6121150321542493,0.978167498042129,3.5383888352638357
173,C:/Users/Akshat Mittu/Desktop/Model Monitoring Dashboard/pages/models/Bone Fracture Detection/Production/2024-03-01/no fracture/15-rotated2-rotated1-rotated1.jpg,no fracture,114.75203104890603,0.19788900512085175,0.6260453236000283,0.9853730197572014,2.9670004826254823
174,C:/Users/Akshat Mittu/Desktop/Model Monitoring Dashboard/pages/models/Bone Fracture Detection/Production/2024-03-01/no fracture/15-rotated2-rotated2-rotated1-rotated1.jpg,no fracture,118.02507641570139,0.18893658918838438,0.6043746607243395,0.9852113140774305,3.2269345238095233
175,C:/Users/Akshat Mittu/Desktop/Model Monitoring Dashboard/pages/models/Bone Fracture Detection/Production/2024-03-01/no fracture/15-rotated2.jpg,no fracture,198.83731499356497,0.2007590382944965,0.5805869979638881,0.9757218264033957,4.151866151866152
176,C:/Users/Akshat Mittu/Desktop/Model Monitoring Dashboard/pages/models/Bone Fracture Detection/Production/2024-03-01/no fracture/15-rotated3-rotated1-rotated3-rotated1.jpg,no fracture,122.26886261261264,0.19097386882330974,0.6016660395955179,0.9849263530750988,3.344111969111969
177,C:/Users/Akshat Mittu/Desktop/Model Monitoring Dashboard/pages/models/Bone Fracture Detection/Production/2024-03-01/no fracture/15-rotated3-rotated2-rotated2-rotated1.jpg,no fracture,135.8896396396396,0.19257053691441994,0.6093159320129,0.9830822387896146,3.3481338481338483
178,C:/Users/Akshat Mittu/Desktop/Model Monitoring Dashboard/pages/models/Bone Fracture Detection/Production/2024-03-01/no fracture/15-rotated3-rotated3-rotated2.jpg,no fracture,167.77750965250965,0.21455581312365446,0.5334384312626953,0.9799595811416599,5.001809845559846
179,C:/Users/Akshat Mittu/Desktop/Model Monitoring Dashboard/pages/models/Bone Fracture Detection/Production/2024-03-01/no fracture/16-rotated1-rotated2-rotated2-rotated1.jpg,no fracture,243.34887789575285,0.19367444506898315,0.5523272342997633,0.975476250555616,5.960324163449163
180,C:/Users/Akshat Mittu/Desktop/Model Monitoring Dashboard/pages/models/Bone Fracture Detection/Production/2024-03-01/no fracture/16-rotated1-rotated2-rotated2.jpg,no fracture,318.30065556628057,0.1857799499024102,0.554117054242219,0.9684736859627635,6.268681628056628
181,C:/Users/Akshat Mittu/Desktop/Model Monitoring Dashboard/pages/models/Bone Fracture Detection/Production/2024-03-01/no fracture/16-rotated1-rotated3-rotated2.jpg,no fracture,351.86661438223933,0.17548652400818798,0.5525175281164821,0.9658608614413723,6.242941602316603
182,C:/Users/Akshat Mittu/Desktop/Model Monitoring Dashboard/pages/models/Bone Fracture Detection/Production/2024-03-01/no fracture/16-rotated2-rotated1-rotated2.jpg,no fracture,285.54182754182756,0.18973940533222708,0.5472729190359017,0.9713234398734562,6.22039897039897
183,C:/Users/Akshat Mittu/Desktop/Model Monitoring Dashboard/pages/models/Bone Fracture Detection/Production/2024-03-01/no fracture/16-rotated2-rotated1-rotated3-rotated1.jpg,no fracture,186.92263915701417,0.20767637358154464,0.5492177208976214,0.9810594338127344,5.854991151866153
184,C:/Users/Akshat Mittu/Desktop/Model Monitoring Dashboard/pages/models/Bone Fracture Detection/Production/2024-03-01/no fracture/16-rotated2-rotated2-rotated1.jpg,no fracture,300.2452340733591,0.18390472871607355,0.5486397894580795,0.9700690394258302,6.257460585585585
185,C:/Users/Akshat Mittu/Desktop/Model Monitoring Dashboard/pages/models/Bone Fracture Detection/Production/2024-03-01/no fracture/16-rotated2-rotated3.jpg,no fracture,259.52169803732306,0.21101105795099423,0.5618949151664887,0.9738179966367417,6.244992760617762
186,C:/Users/Akshat Mittu/Desktop/Model Monitoring Dashboard/pages/models/Bone Fracture Detection/Production/2024-03-01/no fracture/16-rotated3-rotated1-rotated1.jpg,no fracture,349.3833453989703,0.17027207246362047,0.5386696539285062,0.9657968186074867,6.258184523809524
187,C:/Users/Akshat Mittu/Desktop/Model Monitoring Dashboard/pages/models/Bone Fracture Detection/Production/2024-03-01/no fracture/16-rotated3-rotated2-rotated1-rotated1.jpg,no fracture,182.13764880952382,0.19369393222120374,0.5754582000161477,0.9816402293768713,5.012528153153153
188,C:/Users/Akshat Mittu/Desktop/Model Monitoring Dashboard/pages/models/Bone Fracture Detection/Production/2024-03-01/no fracture/16-rotated3-rotated3-rotated1.jpg,no fracture,318.3468066280566,0.1855148625540423,0.5541587215415539,0.9684834996564632,6.26624839124839
189,C:/Users/Akshat Mittu/Desktop/Model Monitoring Dashboard/pages/models/Bone Fracture Detection/Production/2024-03-01/no fracture/16.jpg,no fracture,67.3529994683679,0.20818168680718574,0.6789623935770115,0.9938522168661985,2.121573631047315
190,C:/Users/Akshat Mittu/Desktop/Model Monitoring Dashboard/pages/models/Bone Fracture Detection/Production/2024-03-01/no fracture/17-rotated1-rotated1-rotated2.jpg,no fracture,217.9915741634492,0.27223512878222583,0.5976926091112217,0.966334564380852,4.7776101994852
191,C:/Users/Akshat Mittu/Desktop/Model Monitoring Dashboard/pages/models/Bone Fracture Detection/Production/2024-03-01/no fracture/17-rotated1-rotated1-rotated3-rotated1.jpg,no fracture,117.04542712355212,0.28395939738155634,0.6260860937363417,0.9812663405229274,3.6146034427284426
192,C:/Users/Akshat Mittu/Desktop/Model Monitoring Dashboard/pages/models/Bone Fracture Detection/Production/2024-03-01/no fracture/17-rotated1-rotated1-rotated3.jpg,no fracture,117.03018420205922,0.2855075216874528,0.6276566548511586,0.9812667445380531,3.609736969111969
193,C:/Users/Akshat Mittu/Desktop/Model Monitoring Dashboard/pages/models/Bone Fracture Detection/Production/2024-03-01/no fracture/17-rotated1-rotated1.jpg,no fracture,123.389699967825,0.2841312799534755,0.641445431253253,0.9792759767550031,3.46080678893179
194,C:/Users/Akshat Mittu/Desktop/Model Monitoring Dashboard/pages/models/Bone Fracture Detection/Production/2024-03-01/no fracture/17-rotated1-rotated2-rotated3-rotated1.jpg,no fracture,98.02386985199483,0.2806831467701247,0.6542111961765146,0.983623393654692,3.2610400579150576
195,C:/Users/Akshat Mittu/Desktop/Model Monitoring Dashboard/pages/models/Bone Fracture Detection/Production/2024-03-01/no fracture/17-rotated1-rotated3-rotated2.jpg,no fracture,153.2398447554697,0.27076932449883434,0.638040705910081,0.9745022286614022,3.659286518661518
196,C:/Users/Akshat Mittu/Desktop/Model Monitoring Dashboard/pages/models/Bone Fracture Detection/Production/2024-03-01/no fracture/17-rotated1-rotated3.jpg,no fracture,255.56792953667951,0.2769059383843591,0.5853184398414001,0.9608565484110145,6.009330759330758
197,C:/Users/Akshat Mittu/Desktop/Model Monitoring Dashboard/pages/models/Bone Fracture Detection/Production/2024-03-01/no fracture/17-rotated2-rotated1.jpg,no fracture,276.83371541184044,0.29009100047316305,0.5967836870767441,0.9574470207176148,5.456422940797942
198,C:/Users/Akshat Mittu/Desktop/Model Monitoring Dashboard/pages/models/Bone Fracture Detection/Production/2024-03-01/no fracture/17-rotated2-rotated2-rotated2-rotated1.jpg,no fracture,106.07585263835263,0.28303356612073344,0.6426261533406725,0.9825642504741393,3.3427043114543116
199,C:/Users/Akshat Mittu/Desktop/Model Monitoring Dashboard/pages/models/Bone Fracture Detection/Production/2024-03-01/no fracture/17-rotated2-rotated2-rotated2.jpg,no fracture,252.58538449163447,0.27781463806781503,0.5948865200113652,0.9612221360665791,5.051480051480052
200,C:/Users/Akshat Mittu/Desktop/Model Monitoring Dashboard/pages/models/Bone Fracture Detection/Production/2024-03-01/no fracture/17-rotated2-rotated3-rotated3-rotated1.jpg,no fracture,198.635657979408,0.26764468330600655,0.5928751638795325,0.9674967706546137,4.616312741312741
201,C:/Users/Akshat Mittu/Desktop/Model Monitoring Dashboard/pages/models/Bone Fracture Detection/Production/2024-03-01/no fracture/17-rotated3-rotated3-rotated3.jpg,no fracture,215.28241634491633,0.2844039484533936,0.5901237075705296,0.9657648537895166,5.726351351351352
202,C:/Users/Akshat Mittu/Desktop/Model Monitoring Dashboard/pages/models/Bone Fracture Detection/Production/2024-03-01/no fracture/18-rotated1-rotated2-rotated3-rotated1.jpg,no fracture,109.51833976833979,0.40256628029412656,0.6645974964693503,0.972707609720372,3.5749276061776056
203,C:/Users/Akshat Mittu/Desktop/Model Monitoring Dashboard/pages/models/Bone Fracture Detection/Production/2024-03-01/no fracture/18-rotated1-rotated3-rotated1.jpg,no fracture,63.93532818532817,0.4080571141038147,0.695542861068081,0.9837726243951693,2.4476753539253537
204,C:/Users/Akshat Mittu/Desktop/Model Monitoring Dashboard/pages/models/Bone Fracture Detection/Production/2024-03-01/no fracture/18-rotated2-rotated1-rotated1-rotated1.jpg,no fracture,100.02919884169883,0.4278237028785814,0.6839929981166323,0.9755006971432565,3.1545205920205923
205,C:/Users/Akshat Mittu/Desktop/Model Monitoring Dashboard/pages/models/Bone Fracture Detection/Production/2024-03-01/no fracture/18-rotated2-rotated1-rotated3.jpg,no fracture,127.58647039897042,0.4147401760652668,0.6688573689716211,0.9692344202540906,3.670929858429859
206,C:/Users/Akshat Mittu/Desktop/Model Monitoring Dashboard/pages/models/Bone Fracture Detection/Production/2024-03-01/no fracture/18-rotated2-rotated3-rotated3.jpg,no fracture,73.71136985199485,0.42903103286332,0.7178198953746987,0.9812972556888818,2.3586912805662807
207,C:/Users/Akshat Mittu/Desktop/Model Monitoring Dashboard/pages/models/Bone Fracture Detection/Production/2024-03-01/no fracture/18-rotated3-rotated2-rotated1-rotated1.jpg,no fracture,76.57647602960103,0.42477374387571076,0.711830985526755,0.9805056189438142,2.523387226512226
208,C:/Users/Akshat Mittu/Desktop/Model Monitoring Dashboard/pages/models/Bone Fracture Detection/Production/2024-03-01/no fracture/18.jpg,no fracture,20.54656774120189,0.5184846018691446,0.857652290883526,0.9950110241641119,0.739232474842231
209,C:/Users/Akshat Mittu/Desktop/Model Monitoring Dashboard/pages/models/Bone Fracture Detection/Production/2024-03-01/no fracture/19-rotated1-rotated1-rotated1.jpg,no fracture,121.64844755469757,0.24515192933604346,0.6510032396690495,0.9739820874098538,3.387347168597169
210,C:/Users/Akshat Mittu/Desktop/Model Monitoring Dashboard/pages/models/Bone Fracture Detection/Production/2024-03-01/no fracture/19-rotated1-rotated1.jpg,no fracture,143.3386221042471,0.249969705880945,0.6512604334980304,0.9695260793052056,3.5543959137709136
211,C:/Users/Akshat Mittu/Desktop/Model Monitoring Dashboard/pages/models/Bone Fracture Detection/Production/2024-03-01/no fracture/19-rotated1-rotated2-rotated3-rotated1.jpg,no fracture,89.74577702702702,0.24048696847963041,0.6553610004221121,0.9806862809778111,3.047699485199485
212,C:/Users/Akshat Mittu/Desktop/Model Monitoring Dashboard/pages/models/Bone Fracture Detection/Production/2024-03-01/no fracture/19-rotated1-rotated2.jpg,no fracture,129.583092020592,0.23996618787003343,0.6425918972457081,0.9723196364897835,3.496219433719434
213,C:/Users/Akshat Mittu/Desktop/Model Monitoring Dashboard/pages/models/Bone Fracture Detection/Production/2024-03-01/no fracture/19-rotated1-rotated3-rotated2-rotated1.jpg,no fracture,132.8511502574002,0.23899795703772778,0.578918313839592,0.9721689365872698,4.394305019305018
214,C:/Users/Akshat Mittu/Desktop/Model Monitoring Dashboard/pages/models/Bone Fracture Detection/Production/2024-03-01/no fracture/19-rotated2-rotated1-rotated1.jpg,no fracture,133.52557915057915,0.24268718828983554,0.6294646707015461,0.9717905071479125,3.7553490990990994
215,C:/Users/Akshat Mittu/Desktop/Model Monitoring Dashboard/pages/models/Bone Fracture Detection/Production/2024-03-01/no fracture/19-rotated2-rotated1-rotated2-rotated1.jpg,no fracture,111.03231579794081,0.24814163183006224,0.6571744085921216,0.9763592651223906,3.2814712033462032
216,C:/Users/Akshat Mittu/Desktop/Model Monitoring Dashboard/pages/models/Bone Fracture Detection/Production/2024-03-01/no fracture/19-rotated2-rotated2-rotated1.jpg,no fracture,148.53030485842987,0.24688079931527263,0.5898419718161626,0.9691026942194585,4.4425876769626775
217,C:/Users/Akshat Mittu/Desktop/Model Monitoring Dashboard/pages/models/Bone Fracture Detection/Production/2024-03-01/no fracture/19-rotated2-rotated2-rotated2.jpg,no fracture,136.05602477477478,0.23769718602335563,0.622916364847661,0.9712721362348429,3.8044160231660222
218,C:/Users/Akshat Mittu/Desktop/Model Monitoring Dashboard/pages/models/Bone Fracture Detection/Production/2024-03-01/no fracture/19-rotated2-rotated3-rotated3.jpg,no fracture,136.2149493243243,0.24639973431214038,0.6286036142668919,0.9712609915752601,3.8568412162162153
219,C:/Users/Akshat Mittu/Desktop/Model Monitoring Dashboard/pages/models/Bone Fracture Detection/Production/2024-03-01/no fracture/19-rotated3-rotated1-rotated1-rotated1.jpg,no fracture,126.87618645431142,0.24439571105863858,0.5866133390246222,0.9733930666491973,4.206744691119691
220,C:/Users/Akshat Mittu/Desktop/Model Monitoring Dashboard/pages/models/Bone Fracture Detection/Production/2024-03-01/no fracture/20-rotated1-rotated2-rotated3-rotated1.jpg,no fracture,155.5247345559846,0.23341032726360275,0.5954935382435604,0.9768088843723067,4.914173101673103
221,C:/Users/Akshat Mittu/Desktop/Model Monitoring Dashboard/pages/models/Bone Fracture Detection/Production/2024-03-01/no fracture/20-rotated2-rotated1.jpg,no fracture,176.06839205276705,0.24660127280931327,0.6207034960765345,0.9740748288827651,4.680401383526384
222,C:/Users/Akshat Mittu/Desktop/Model Monitoring Dashboard/pages/models/Bone Fracture Detection/Production/2024-03-01/no fracture/20-rotated2-rotated2-rotated3-rotated1.jpg,no fracture,157.63831241956237,0.22619369871238948,0.579157303182317,0.9766753852209824,5.107746138996138
223,C:/Users/Akshat Mittu/Desktop/Model Monitoring Dashboard/pages/models/Bone Fracture Detection/Production/2024-03-01/no fracture/20-rotated3-rotated1-rotated2.jpg,no fracture,177.8629946911197,0.23193148858709786,0.6065065286682791,0.974406426880115,5.055079633204634
224,C:/Users/Akshat Mittu/Desktop/Model Monitoring Dashboard/pages/models/Bone Fracture Detection/Production/2024-03-01/no fracture/20-rotated3-rotated1.jpg,no fracture,240.54721685971685,0.23731753172951214,0.599953334209103,0.964741977848177,5.658944658944659
225,C:/Users/Akshat Mittu/Desktop/Model Monitoring Dashboard/pages/models/Bone Fracture Detection/Production/2024-03-01/no fracture/20-rotated3-rotated3-rotated1-rotated1.jpg,no fracture,132.55057512870013,0.22300350676666322,0.6126679875898647,0.980773829648001,4.177948037323038
226,C:/Users/Akshat Mittu/Desktop/Model Monitoring Dashboard/pages/models/Bone Fracture Detection/Production/2024-03-01/no fracture/20-rotated3-rotated3-rotated2.jpg,no fracture,155.90610923423426,0.23620208644685903,0.6186059975469236,0.977441666632909,4.447615025740025
227,C:/Users/Akshat Mittu/Desktop/Model Monitoring Dashboard/pages/models/Bone Fracture Detection/Production/2024-03-01/no fracture/20.jpg,no fracture,37.14113511817998,0.2976067092042543,0.7349530791764411,0.9945247047153378,1.5837057401701202
228,C:/Users/Akshat Mittu/Desktop/Model Monitoring Dashboard/pages/models/Bone Fracture Detection/Production/2024-03-01/no fracture/21-rotated1-rotated1.jpg,no fracture,158.17294079794078,0.311408688038707,0.6507591351794417,0.969540143285045,3.808236808236808
229,C:/Users/Akshat Mittu/Desktop/Model Monitoring Dashboard/pages/models/Bone Fracture Detection/Production/2024-03-01/no fracture/21-rotated1-rotated2-rotated1-rotated1.jpg,no fracture,79.5073198198198,0.3005603133466054,0.6865634589512519,0.9847223436858838,2.5115427927927922
230,C:/Users/Akshat Mittu/Desktop/Model Monitoring Dashboard/pages/models/Bone Fracture Detection/Production/2024-03-01/no fracture/21-rotated1-rotated2-rotated2-rotated1.jpg,no fracture,101.47295286357785,0.29789794465070535,0.6592534622041092,0.9803884376862394,2.994027509652509
231,C:/Users/Akshat Mittu/Desktop/Model Monitoring Dashboard/pages/models/Bone Fracture Detection/Production/2024-03-01/no fracture/21-rotated1-rotated2.jpg,no fracture,171.60446830759332,0.2809427807515169,0.6201244639184268,0.9677211200669013,4.312640765765766
232,C:/Users/Akshat Mittu/Desktop/Model Monitoring Dashboard/pages/models/Bone Fracture Detection/Production/2024-03-01/no fracture/21-rotated2-rotated2-rotated3-rotated1.jpg,no fracture,153.89315878378375,0.2854053234599032,0.6209271594898832,0.9714961930325602,4.61633285070785
233,C:/Users/Akshat Mittu/Desktop/Model Monitoring Dashboard/pages/models/Bone Fracture Detection/Production/2024-03-01/no fracture/21-rotated2-rotated3-rotated2.jpg,no fracture,140.47908622908622,0.30600647815360466,0.6512825749902481,0.9729955795251927,3.7219272844272844
234,C:/Users/Akshat Mittu/Desktop/Model Monitoring Dashboard/pages/models/Bone Fracture Detection/Production/2024-03-01/no fracture/4-rotated2-rotated3-rotated1-rotated1.jpg,no fracture,104.61556869369369,0.1433562057275358,0.49787804035928834,0.9729040409340128,4.288670366795366
235,C:/Users/Akshat Mittu/Desktop/Model Monitoring Dashboard/pages/models/Bone Fracture Detection/Production/2024-03-01/no fracture/4-rotated3-rotated2-rotated3.jpg,no fracture,104.48660714285715,0.16598403382864169,0.5527577674598119,0.9747080073414472,3.827501608751609
236,C:/Users/Akshat Mittu/Desktop/Model Monitoring Dashboard/pages/models/Bone Fracture Detection/Production/2024-03-01/no fracture/4-rotated3-rotated3-rotated3.jpg,no fracture,102.59519787644786,0.16074742744657372,0.5560094826455644,0.9748815799793433,3.7930743243243246
237,C:/Users/Akshat Mittu/Desktop/Model Monitoring Dashboard/pages/models/Bone Fracture Detection/Production/2024-03-01/no fracture/5-rotated1-rotated1-rotated2-rotated1.jpg,no fracture,95.99382641570139,0.20620997009806813,0.5745896097949131,0.9840853113169764,3.5214969433719423
238,C:/Users/Akshat Mittu/Desktop/Model Monitoring Dashboard/pages/models/Bone Fracture Detection/Production/2024-03-01/no fracture/5-rotated1-rotated2-rotated1.jpg,no fracture,157.6003257722007,0.19568543618001433,0.5650696960518443,0.9744666291760472,4.308216698841698
239,C:/Users/Akshat Mittu/Desktop/Model Monitoring Dashboard/pages/models/Bone Fracture Detection/Production/2024-03-01/no fracture/5-rotated1-rotated2-rotated2.jpg,no fracture,135.41618404118404,0.196814205570052,0.580663166148845,0.9778998450119284,3.8595962033462023
240,C:/Users/Akshat Mittu/Desktop/Model Monitoring Dashboard/pages/models/Bone Fracture Detection/Production/2024-03-01/no fracture/5-rotated1-rotated3-rotated2-rotated1.jpg,no fracture,140.5407014157014,0.19447935638156016,0.5628725308653866,0.9772895878774864,4.104287323037322
241,C:/Users/Akshat Mittu/Desktop/Model Monitoring Dashboard/pages/models/Bone Fracture Detection/Production/2024-03-01/no fracture/5-rotated2-rotated1-rotated2-rotated1.jpg,no fracture,142.91686776061775,0.19629415451294013,0.556676465010625,0.9768506288387575,4.21870978120978
242,C:/Users/Akshat Mittu/Desktop/Model Monitoring Dashboard/pages/models/Bone Fracture Detection/Production/2024-03-01/no fracture/5-rotated2-rotated1-rotated3.jpg,no fracture,166.88167631917628,0.21676397517226004,0.5267788185772555,0.9734049351793483,5.071911196911197
243,C:/Users/Akshat Mittu/Desktop/Model Monitoring Dashboard/pages/models/Bone Fracture Detection/Production/2024-03-01/no fracture/5-rotated2-rotated2-rotated3.jpg,no fracture,164.2081523487773,0.21143673370638008,0.536422863189775,0.9737131846860682,4.879444176319176
244,C:/Users/Akshat Mittu/Desktop/Model Monitoring Dashboard/pages/models/Bone Fracture Detection/Production/2024-03-01/no fracture/5-rotated3-rotated1-rotated2-rotated1.jpg,no fracture,130.47574806949808,0.19590432969021226,0.5721492364675058,0.9787776307345475,3.829070141570141
245,C:/Users/Akshat Mittu/Desktop/Model Monitoring Dashboard/pages/models/Bone Fracture Detection/Production/2024-03-01/no fracture/5-rotated3-rotated2-rotated2-rotated1.jpg,no fracture,104.42133204633207,0.20494659642256124,0.5692753328300878,0.9828662092116797,3.6352960102960106
246,C:/Users/Akshat Mittu/Desktop/Model Monitoring Dashboard/pages/models/Bone Fracture Detection/Production/2024-03-01/no fracture/5-rotated3-rotated2-rotated2.jpg,no fracture,131.83429858429855,0.19693744601365884,0.5734022228993126,0.9784479174583449,3.8849340411840405
247,C:/Users/Akshat Mittu/Desktop/Model Monitoring Dashboard/pages/models/Bone Fracture Detection/Production/2024-03-01/no fracture/5-rotated3-rotated3-rotated1.jpg,no fracture,177.08685247747746,0.21561564635719438,0.5063097303673618,0.9715806291315159,5.35302043114543
248,C:/Users/Akshat Mittu/Desktop/Model Monitoring Dashboard/pages/models/Bone Fracture Detection/Production/2024-03-01/no fracture/5-rotated3.jpg,no fracture,239.25056306306305,0.21761645304236407,0.5252797053030585,0.9621347965199284,5.56346525096525
249,C:/Users/Akshat Mittu/Desktop/Model Monitoring Dashboard/pages/models/Bone Fracture Detection/Production/2024-03-01/no fracture/6-rotated1-rotated2-rotated1.jpg,no fracture,238.7726833976834,0.15176280441766737,0.48247953415406936,0.9681882868934238,6.053249678249677
250,C:/Users/Akshat Mittu/Desktop/Model Monitoring Dashboard/pages/models/Bone Fracture Detection/Production/2024-03-01/no fracture/6-rotated1-rotated3-rotated2.jpg,no fracture,142.47128378378378,0.1803108747082925,0.5451888945577517,0.9796768172721917,4.598898005148006
251,C:/Users/Akshat Mittu/Desktop/Model Monitoring Dashboard/pages/models/Bone Fracture Detection/Production/2024-03-01/no fracture/6-rotated2-rotated1-rotated1.jpg,no fracture,164.4048222329472,0.15311253357429475,0.5014041910127249,0.9774863013089279,5.452964124839124
252,C:/Users/Akshat Mittu/Desktop/Model Monitoring Dashboard/pages/models/Bone Fracture Detection/Production/2024-03-01/no fracture/6-rotated2-rotated2-rotated1-rotated1.jpg,no fracture,128.1519264800515,0.17181478890761023,0.5387548669446395,0.9819874394686086,4.404942889317889
253,C:/Users/Akshat Mittu/Desktop/Model Monitoring Dashboard/pages/models/Bone Fracture Detection/Production/2024-03-01/no fracture/6-rotated2-rotated2-rotated2.jpg,no fracture,173.0086671492922,0.15917411162931913,0.5167857729843086,0.9761604275464325,5.079331563706564
254,C:/Users/Akshat Mittu/Desktop/Model Monitoring Dashboard/pages/models/Bone Fracture Detection/Production/2024-03-01/no fracture/6-rotated2-rotated3-rotated3.jpg,no fracture,91.78702139639641,0.19322497663898236,0.5606171646928277,0.9868083544661881,3.960645913770914
255,C:/Users/Akshat Mittu/Desktop/Model Monitoring Dashboard/pages/models/Bone Fracture Detection/Production/2024-03-01/no fracture/6-rotated3-rotated1-rotated1.jpg,no fracture,154.49215733590728,0.15466307691960454,0.4966957349523143,0.9778765596826503,5.643379987129986
256,C:/Users/Akshat Mittu/Desktop/Model Monitoring Dashboard/pages/models/Bone Fracture Detection/Production/2024-03-01/no fracture/6-rotated3-rotated2-rotated1.jpg,no fracture,206.14249517374517,0.1523068871915559,0.5026886353186778,0.9715260573260863,5.509129665379666
257,C:/Users/Akshat Mittu/Desktop/Model Monitoring Dashboard/pages/models/Bone Fracture Detection/Production/2024-03-01/no fracture/6-rotated3-rotated2.jpg,no fracture,209.9931628056628,0.15938224943267407,0.5179643698534936,0.9712436933444936,5.492398648648648
258,C:/Users/Akshat Mittu/Desktop/Model Monitoring Dashboard/pages/models/Bone Fracture Detection/Production/2024-03-01/no fracture/6-rotated3.jpg,no fracture,161.93597168597168,0.1823308413932645,0.5612773138868321,0.9770350704916693,4.55646718146718
259,C:/Users/Akshat Mittu/Desktop/Model Monitoring Dashboard/pages/models/Bone Fracture Detection/Production/2024-03-01/no fracture/7-rotated1-rotated1-rotated2-rotated1.jpg,no fracture,70.313606016731,0.27166814879570733,0.6259921582373662,0.9825292383854275,3.116252413127412
260,C:/Users/Akshat Mittu/Desktop/Model Monitoring Dashboard/pages/models/Bone Fracture Detection/Production/2024-03-01/no fracture/7-rotated1-rotated2.jpg,no fracture,105.01914414414415,0.2605204737342876,0.6083482590818883,0.9731389810853487,3.6856097168597164
261,C:/Users/Akshat Mittu/Desktop/Model Monitoring Dashboard/pages/models/Bone Fracture Detection/Production/2024-03-01/no fracture/7-rotated2-rotated1-rotated1.jpg,no fracture,66.40102155727156,0.2752309352533009,0.677320259295011,0.9832749490041681,2.3392857142857144
262,C:/Users/Akshat Mittu/Desktop/Model Monitoring Dashboard/pages/models/Bone Fracture Detection/Production/2024-03-01/no fracture/7-rotated2-rotated1-rotated3-rotated1.jpg,no fracture,59.3324083011583,0.2705183436124568,0.6767657865153138,0.9850160980303294,2.2516489703989704
263,C:/Users/Akshat Mittu/Desktop/Model Monitoring Dashboard/pages/models/Bone Fracture Detection/Production/2024-03-01/no fracture/7-rotated2-rotated2-rotated1.jpg,no fracture,90.87795608108107,0.26043367213772595,0.610408756505668,0.9765613999296001,3.508626930501929
264,C:/Users/Akshat Mittu/Desktop/Model Monitoring Dashboard/pages/models/Bone Fracture Detection/Production/2024-03-01/no fracture/7-rotated2-rotated2-rotated3.jpg,no fracture,66.86154681467183,0.2735382921984412,0.6886487140002057,0.983206919688022,2.221866956241956
265,C:/Users/Akshat Mittu/Desktop/Model Monitoring Dashboard/pages/models/Bone Fracture Detection/Production/2024-03-01/no fracture/7-rotated2-rotated3-rotated2.jpg,no fracture,79.82776303088802,0.2822635010063875,0.6728468302201202,0.980307670874377,2.546754343629343
266,C:/Users/Akshat Mittu/Desktop/Model Monitoring Dashboard/pages/models/Bone Fracture Detection/Production/2024-03-01/no fracture/7-rotated2-rotated3-rotated3.jpg,no fracture,77.83476110038607,0.28103820941981833,0.6834091543392188,0.9807743448593464,2.4193814350064344
267,C:/Users/Akshat Mittu/Desktop/Model Monitoring Dashboard/pages/models/Bone Fracture Detection/Production/2024-03-01/no fracture/7-rotated2-rotated3.jpg,no fracture,112.1877815315315,0.26386549823379063,0.6195106006810712,0.9719835285867874,3.939269626769626
268,C:/Users/Akshat Mittu/Desktop/Model Monitoring Dashboard/pages/models/Bone Fracture Detection/Production/2024-03-01/no fracture/7-rotated3-rotated1-rotated1-rotated1.jpg,no fracture,80.33890363577864,0.2612240607979552,0.6024091812911623,0.9800518394783352,3.8674187580437573
269,C:/Users/Akshat Mittu/Desktop/Model Monitoring Dashboard/pages/models/Bone Fracture Detection/Production/2024-03-01/no fracture/7-rotated3-rotated1-rotated1.jpg,no fracture,134.64112773487776,0.26502418660581484,0.6128130603505519,0.9681082214399768,3.9170286357786366
270,C:/Users/Akshat Mittu/Desktop/Model Monitoring Dashboard/pages/models/Bone Fracture Detection/Production/2024-03-01/no fracture/7-rotated3-rotated2-rotated1.jpg,no fracture,147.9348254504505,0.25731037156231773,0.5885050942577398,0.9648381977156077,4.280385296010296
271,C:/Users/Akshat Mittu/Desktop/Model Monitoring Dashboard/pages/models/Bone Fracture Detection/Production/2024-03-01/no fracture/7-rotated3-rotated2-rotated3.jpg,no fracture,83.80530083655083,0.2574831250115259,0.6031956388877087,0.9791289460611452,3.6334459459459456
272,C:/Users/Akshat Mittu/Desktop/Model Monitoring Dashboard/pages/models/Bone Fracture Detection/Production/2024-03-01/no fracture/7-rotated3-rotated3-rotated2-rotated1.jpg,no fracture,71.53700128700132,0.2653103834409358,0.6054379602923396,0.9822190509234326,3.7064430501930508
273,C:/Users/Akshat Mittu/Desktop/Model Monitoring Dashboard/pages/models/Bone Fracture Detection/Production/2024-03-01/no fracture/7-rotated3-rotated3.jpg,no fracture,148.00126689189187,0.2552188215831524,0.5881419752814365,0.9647942582783952,4.281833172458172
274,C:/Users/Akshat Mittu/Desktop/Model Monitoring Dashboard/pages/models/Bone Fracture Detection/Production/2024-03-01/no fracture/7-rotated3.jpg,no fracture,124.58751608751608,0.2689899030023329,0.6186256133584299,0.9693110425239417,4.2100225225225225
275,C:/Users/Akshat Mittu/Desktop/Model Monitoring Dashboard/pages/models/Bone Fracture Detection/Production/2024-03-01/no fracture/8-rotated1-rotated1-rotated1.jpg,no fracture,147.17000482625483,0.1541921692372486,0.5075088266138728,0.9582718291071455,4.772562741312742
276,C:/Users/Akshat Mittu/Desktop/Model Monitoring Dashboard/pages/models/Bone Fracture Detection/Production/2024-03-01/no fracture/8-rotated1-rotated1-rotated3.jpg,no fracture,108.87612612612612,0.15806987947133755,0.557633569704174,0.9685394815845643,3.636985199485199
277,C:/Users/Akshat Mittu/Desktop/Model Monitoring Dashboard/pages/models/Bone Fracture Detection/Production/2024-03-01/no fracture/8-rotated1-rotated2-rotated2-rotated1.jpg,no fracture,143.60686132561128,0.17585781229271785,0.49699324576785925,0.9619983556164377,5.063304375804375
278,C:/Users/Akshat Mittu/Desktop/Model Monitoring Dashboard/pages/models/Bone Fracture Detection/Production/2024-03-01/no fracture/8-rotated1-rotated2-rotated2.jpg,no fracture,167.50826496138993,0.16902644243057027,0.5022136031634193,0.9552395925190621,5.154058075933075
279,C:/Users/Akshat Mittu/Desktop/Model Monitoring Dashboard/pages/models/Bone Fracture Detection/Production/2024-03-01/no fracture/8-rotated1-rotated2-rotated3-rotated1.jpg,no fracture,85.43092422779922,0.16564971868206,0.5715048944713889,0.9756488366700458,3.265785875160875
280,C:/Users/Akshat Mittu/Desktop/Model Monitoring Dashboard/pages/models/Bone Fracture Detection/Production/2024-03-01/no fracture/8-rotated1-rotated3-rotated1.jpg,no fracture,162.76757561132564,0.1556034944828112,0.487887487709023,0.9559806677151343,5.206925675675676
281,C:/Users/Akshat Mittu/Desktop/Model Monitoring Dashboard/pages/models/Bone Fracture Detection/Production/2024-03-01/no fracture/8-rotated1-rotated3-rotated2-rotated1.jpg,no fracture,116.39967422779921,0.15618529361668823,0.526684864417452,0.9672250629663713,4.122365669240669
282,C:/Users/Akshat Mittu/Desktop/Model Monitoring Dashboard/pages/models/Bone Fracture Detection/Production/2024-03-01/no fracture/8-rotated1-rotated3-rotated3-rotated1.jpg,no fracture,132.71362210424707,0.167872027731703,0.5054700229466311,0.9648158835519866,4.686233108108107
283,C:/Users/Akshat Mittu/Desktop/Model Monitoring Dashboard/pages/models/Bone Fracture Detection/Production/2024-03-01/no fracture/8-rotated2-rotated1-rotated2-rotated1.jpg,no fracture,105.01632882882882,0.14155410741855995,0.531379457945726,0.9658468596969977,3.8485360360360357
284,C:/Users/Akshat Mittu/Desktop/Model Monitoring Dashboard/pages/models/Bone Fracture Detection/Production/2024-03-01/no fracture/8-rotated2-rotated2-rotated1-rotated1.jpg,no fracture,114.15916586229088,0.13848292709808716,0.5307188560273776,0.964500651805796,3.909527831402831
285,C:/Users/Akshat Mittu/Desktop/Model Monitoring Dashboard/pages/models/Bone Fracture Detection/Production/2024-03-01/no fracture/8-rotated2-rotated2-rotated1.jpg,no fracture,156.45372828185322,0.17993039524654478,0.5143009249463631,0.9589536986704642,4.902811293436293
286,C:/Users/Akshat Mittu/Desktop/Model Monitoring Dashboard/pages/models/Bone Fracture Detection/Production/2024-03-01/no fracture/8-rotated3-rotated1-rotated1-rotated1.jpg,no fracture,142.81772844272848,0.17266412388641397,0.5231212571720676,0.9617565613148717,4.558759652509653
287,C:/Users/Akshat Mittu/Desktop/Model Monitoring Dashboard/pages/models/Bone Fracture Detection/Production/2024-03-01/no fracture/8-rotated3-rotated1-rotated3-rotated1.jpg,no fracture,167.63451174388678,0.17510161999373017,0.4935666153835404,0.9565826536765123,5.39231418918919
288,C:/Users/Akshat Mittu/Desktop/Model Monitoring Dashboard/pages/models/Bone Fracture Detection/Production/2024-03-01/no fracture/8-rotated3-rotated2-rotated2-rotated1.jpg,no fracture,94.97615025740026,0.1594349787232054,0.5400291026826141,0.973934764708704,3.7288449163449173
289,C:/Users/Akshat Mittu/Desktop/Model Monitoring Dashboard/pages/models/Bone Fracture Detection/Production/2024-03-01/no fracture/8-rotated3-rotated2-rotated2.jpg,no fracture,108.07345962033466,0.16304863788705498,0.545380508058306,0.9705478019698532,3.8336349742599753
290,C:/Users/Akshat Mittu/Desktop/Model Monitoring Dashboard/pages/models/Bone Fracture Detection/Production/2024-03-01/no fracture/8-rotated3-rotated2-rotated3-rotated1.jpg,no fracture,114.29233027670529,0.16743078986728058,0.5309329331625058,0.968847517404992,4.103865025740026
291,C:/Users/Akshat Mittu/Desktop/Model Monitoring Dashboard/pages/models/Bone Fracture Detection/Production/2024-03-01/no fracture/8-rotated3-rotated3-rotated2.jpg,no fracture,105.79824243886743,0.16204717191006368,0.5580025477508236,0.9711982864470421,3.6062781531531525
292,C:/Users/Akshat Mittu/Desktop/Model Monitoring Dashboard/pages/models/Bone Fracture Detection/Production/2024-03-01/no fracture/9-rotated1-rotated1-rotated1-rotated1.jpg,no fracture,136.1477035070785,0.3122604980443765,0.6228225512521277,0.969488192900671,3.8607826576576567
293,C:/Users/Akshat Mittu/Desktop/Model Monitoring Dashboard/pages/models/Bone Fracture Detection/Production/2024-03-01/no fracture/9-rotated1-rotated1-rotated1.jpg,no fracture,103.5301842020592,0.34102505141604256,0.6858903331402582,0.9750643868491611,2.8939229407979408
294,C:/Users/Akshat Mittu/Desktop/Model Monitoring Dashboard/pages/models/Bone Fracture Detection/Production/2024-03-01/no fracture/9-rotated1-rotated1-rotated2-rotated1.jpg,no fracture,60.070242117117125,0.33431806047394586,0.692335905755664,0.9857117657393193,2.44548342985843
295,C:/Users/Akshat Mittu/Desktop/Model Monitoring Dashboard/pages/models/Bone Fracture Detection/Production/2024-03-01/no fracture/9-rotated1-rotated3-rotated1.jpg,no fracture,130.33494208494207,0.34092615818979344,0.6518787455506979,0.9694167544957931,3.7089768339768336
296,C:/Users/Akshat Mittu/Desktop/Model Monitoring Dashboard/pages/models/Bone Fracture Detection/Production/2024-03-01/no fracture/9-rotated1-rotated3.jpg,no fracture,129.03826817889316,0.34124024164142996,0.6711055184864033,0.9697280234370583,3.3758647039897043
297,C:/Users/Akshat Mittu/Desktop/Model Monitoring Dashboard/pages/models/Bone Fracture Detection/Production/2024-03-01/no fracture/9-rotated2-rotated2-rotated2-rotated1.jpg,no fracture,109.48998552123551,0.3046921918574425,0.6162503171677363,0.974597878585661,3.883164414414414
298,C:/Users/Akshat Mittu/Desktop/Model Monitoring Dashboard/pages/models/Bone Fracture Detection/Production/2024-03-01/no fracture/9-rotated2-rotated2.jpg,no fracture,104.30520028957528,0.34167121028222425,0.6787112264236211,0.9759196873043854,3.1810448841698844
299,C:/Users/Akshat Mittu/Desktop/Model Monitoring Dashboard/pages/models/Bone Fracture Detection/Production/2024-03-01/no fracture/9-rotated3-rotated3-rotated1.jpg,no fracture,154.49207689832687,0.3077496681592392,0.6136470544238694,0.9668103317316236,4.209539897039897
